{
    "Accuracy": {
        "逻辑回归": [
            0.7950819672131147,
            0.7704918032786885,
            0.7459016393442623,
            0.8524590163934426,
            0.819672131147541,
            0.7377049180327869,
            0.7213114754098361,
            0.8114754098360656,
            0.7704918032786885,
            0.7985074626865671
        ],
        "随机森林": [
            0.7786885245901639,
            0.819672131147541,
            0.7213114754098361,
            0.7950819672131147,
            0.7868852459016393,
            0.8114754098360656,
            0.8114754098360656,
            0.7540983606557377,
            0.7622950819672131,
            0.746268656716418
        ],
        "线性判别分析": [
            0.8114754098360656,
            0.7704918032786885,
            0.7868852459016393,
            0.7786885245901639,
            0.7540983606557377,
            0.8442622950819673,
            0.7704918032786885,
            0.7786885245901639,
            0.7377049180327869,
            0.7985074626865671
        ],
        "梯度提升机": [
            0.7459016393442623,
            0.7704918032786885,
            0.7786885245901639,
            0.7950819672131147,
            0.7786885245901639,
            0.7704918032786885,
            0.7459016393442623,
            0.7704918032786885,
            0.7622950819672131,
            0.7761194029850746
        ],
        "支持向量机": [
            0.7459016393442623,
            0.7459016393442623,
            0.819672131147541,
            0.7786885245901639,
            0.8360655737704918,
            0.8278688524590164,
            0.7213114754098361,
            0.7540983606557377,
            0.7377049180327869,
            0.8059701492537313
        ]
    },
    "AUC": {
        "逻辑回归": [
            0.8307738632941886,
            0.8500451671183378,
            0.7994579945799458,
            0.8970189701897019,
            0.853658536585366,
            0.7970490816019271,
            0.7976513098464317,
            0.8690153568202349,
            0.8364950316169828,
            0.8621212121212121
        ],
        "随机森林": [
            0.8282143932550436,
            0.8783498946100572,
            0.8065341764528756,
            0.8000602228244504,
            0.8462812405901836,
            0.8395061728395061,
            0.8455284552845528,
            0.8270099367660344,
            0.8259560373381511,
            0.8300505050505051
        ],
        "线性判别分析": [
            0.8714242697982535,
            0.8325805480277025,
            0.8482384823848239,
            0.8099969888587775,
            0.7874134296898525,
            0.8979223125564588,
            0.8503462812405902,
            0.8542607648298706,
            0.7844022884673292,
            0.8118686868686869
        ],
        "梯度提升机": [
            0.7874134296898524,
            0.7627220716651611,
            0.8370972598614875,
            0.9015356820234869,
            0.8476362541403192,
            0.8352905751279736,
            0.8160192713038241,
            0.8316772056609455,
            0.8121047877145438,
            0.8469696969696969
        ],
        "支持向量机": [
            0.8376994881059922,
            0.8166214995483289,
            0.8602830472749172,
            0.8449262270400482,
            0.8708220415537489,
            0.8566696778078893,
            0.8361939174947304,
            0.8256549232158987,
            0.7539897621198435,
            0.8765151515151515
        ]
    },
    "Sensitivity": {
        "逻辑回归": [
            0.8271604938271605,
            0.8148148148148148,
            0.8518518518518519,
            0.8888888888888888,
            0.9135802469135802,
            0.7654320987654321,
            0.7283950617283951,
            0.8148148148148148,
            0.9259259259259259,
            0.9
        ],
        "随机森林": [
            0.8024691358024691,
            0.8888888888888888,
            0.8024691358024691,
            0.9012345679012346,
            0.8765432098765432,
            0.9135802469135802,
            0.8641975308641975,
            0.8271604938271605,
            0.8395061728395061,
            0.8444444444444444
        ],
        "线性判别分析": [
            0.8395061728395061,
            0.8148148148148148,
            0.8518518518518519,
            0.8518518518518519,
            0.7901234567901234,
            0.8765432098765432,
            0.8395061728395061,
            0.8888888888888888,
            0.8148148148148148,
            0.8888888888888888
        ],
        "梯度提升机": [
            0.8641975308641975,
            0.8395061728395061,
            0.8641975308641975,
            0.8765432098765432,
            0.8888888888888888,
            0.8271604938271605,
            0.8024691358024691,
            0.8518518518518519,
            0.7901234567901234,
            0.8555555555555555
        ],
        "支持向量机": [
            0.7901234567901234,
            0.8395061728395061,
            0.9012345679012346,
            0.8765432098765432,
            0.8888888888888888,
            0.8765432098765432,
            0.7407407407407407,
            0.8641975308641975,
            0.7901234567901234,
            0.8777777777777778
        ]
    },
    "Specificity": {
        "逻辑回归": [
            0.7317073170731707,
            0.6829268292682927,
            0.5365853658536586,
            0.7804878048780488,
            0.6341463414634146,
            0.6829268292682927,
            0.7073170731707317,
            0.8048780487804879,
            0.4634146341463415,
            0.5909090909090909
        ],
        "随机森林": [
            0.7317073170731707,
            0.6829268292682927,
            0.5609756097560976,
            0.5853658536585366,
            0.6097560975609756,
            0.6097560975609756,
            0.7073170731707317,
            0.6097560975609756,
            0.6097560975609756,
            0.5454545454545454
        ],
        "线性判别分析": [
            0.7560975609756098,
            0.6829268292682927,
            0.6585365853658537,
            0.6341463414634146,
            0.6829268292682927,
            0.7804878048780488,
            0.6341463414634146,
            0.5609756097560976,
            0.5853658536585366,
            0.6136363636363636
        ],
        "梯度提升机": [
            0.5121951219512195,
            0.6341463414634146,
            0.6097560975609756,
            0.6341463414634146,
            0.5609756097560976,
            0.6585365853658537,
            0.6341463414634146,
            0.6097560975609756,
            0.7073170731707317,
            0.6136363636363636
        ],
        "支持向量机": [
            0.6585365853658537,
            0.5609756097560976,
            0.6585365853658537,
            0.5853658536585366,
            0.7317073170731707,
            0.7317073170731707,
            0.6829268292682927,
            0.5365853658536586,
            0.6341463414634146,
            0.6590909090909091
        ]
    },
    "Precision": {
        "逻辑回归": [
            0.8589743589743589,
            0.8354430379746836,
            0.7840909090909091,
            0.8888888888888888,
            0.8314606741573034,
            0.8266666666666667,
            0.8309859154929577,
            0.8918918918918919,
            0.7731958762886598,
            0.8181818181818182
        ],
        "随机森林": [
            0.8552631578947368,
            0.8470588235294118,
            0.7831325301204819,
            0.8111111111111111,
            0.8160919540229885,
            0.8222222222222222,
            0.8536585365853658,
            0.8072289156626506,
            0.8095238095238095,
            0.7916666666666666
        ],